facility_id,name,name_kana,ward,address,lat,lng,map_url,facility_type,phone,website,notes,nearest_station,station_kana,walk_minutes
1410051014918,ベネッセ　日吉保育園,べねっせひよしほいくえん,港北区,〒223-8526 神奈川県横浜市港北区日吉４丁目１−１ 1F 慶應義塾日吉キャンパス,35.5520511,139.6472816,https://maps.google.com/?cid=3348325136545956794,"establishment,point_of_interest,school",045-560-6506,https://hoiku.benesse-style-care.co.jp/facilities/area_kanagawa/yokohama/h-hiyoshi/,,日吉駅,ひよし,2
1410051024594,ベネッセ　新横浜保育園,べねっせしんよこはまほいくえん,港北区,〒222-0033 神奈川県横浜市港北区新横浜２丁目１１−１１ スケートセンタ 2階,35.507934,139.612343,https://maps.google.com/?cid=9156083472015116886,"establishment,point_of_interest,school",045-476-5741,https://hoiku.benesse-style-care.co.jp/facilities/area_kanagawa/yokohama/h-cccshinyokohama/,,浜鳥橋駅,しんよこはま,6
1410051024974,アスクみのわ保育園,あすくみのわほいくえん,港北区,〒223-0051 神奈川県横浜市港北区箕輪町２丁目２−２９ 1F,35.5470576,139.6440535,https://maps.google.com/?cid=133913106740443876,"establishment,point_of_interest,school",045-566-8606,https://list.nihonhoiku.co.jp/nursery/detail/minowa/?utm_source=google&utm_medium=map&utm_campaign=gbp,,プラウドシティ日吉駅,ひよし,4
1410051017135,岩崎学園新横浜保育園,いわさきがくえんしんよこはまほいくえん,港北区,〒222-0033 神奈川県横浜市港北区新横浜２丁目４−１０,35.509036,139.616174,https://maps.google.com/?cid=14058616145991846520,"establishment,point_of_interest,school",045-474-2365,http://hoiku.iwasaki.ac.jp/kosodate/isyh/index.html,,新横浜駅,しんよこはま,5
1410051026516,明日葉保育園綱島園,あしたばほいくえんつなしまその,港北区,〒223-0052 神奈川県横浜市港北区綱島東３丁目１−４,35.5378822,139.6402475,https://maps.google.com/?cid=3553907803523963060,"establishment,point_of_interest,school",045-717-7714,https://www.ashita-ba.jp/hoiku/tsunashima/,,新綱島駅,しんつなしま,6
1410051027886,横浜りとるぱんぷきんず(保育所部分),よこはまりとるぱんぷきんず(ほいくしょぶぶん),港北区,〒223-0062 神奈川県横浜市港北区日吉本町４丁目１０−４９,35.5457737,139.6348366,https://maps.google.com/?cid=259097597118571709,"establishment,point_of_interest,school",045-560-5645,https://www.seikoukai.or.jp/facilities/yokohama/,,日吉本町駅,つなしま,9
1410051026003,にじいろ保育園日吉,にじいろほいくえんひよし,港北区,〒223-0051 神奈川県横浜市港北区箕輪町２丁目７−４２ プラウドシティ日吉 ﾚｼﾞﾃﾞﾝｽⅡｿｺﾗ日吉,35.5464641,139.6447317,https://maps.google.com/?cid=4204802428231622655,"establishment,point_of_interest,school",045-534-5261,https://www.like-kd.co.jp/establishment/nijiiro/HPhiyoshi?utm_source=google&utm_medium=maps&utm_campaign=hiyoshi,,プラウドシティ日吉駅,ひよし,2
1410051017259,新羽どろんこ保育園,しんはねどろんこほいくえん,港北区,〒223-0057 神奈川県横浜市港北区新羽町２１８５−１,35.5264206,139.6090586,https://maps.google.com/?cid=16939733256837428911,"establishment,point_of_interest,school",045-544-5033,https://www.doronko.jp/facilities/doronko-nippa/?utm_source=GBP&utm_medium=click&utm_campaign=page_doronko-nippa,,新羽町駅,おおくらやま,4
1410051026631,ぶれすと新横浜ほいくえん,ぶれすとしんよこはまほいくえん,港北区,〒222-0034 神奈川県横浜市港北区岸根町３７５−１,35.5027115,139.6129645,https://maps.google.com/?cid=5559648245052289358,"establishment,point_of_interest,school",045-718-6107,https://hoikuen.brest.co.jp/shinyoko/,,又口橋駅,しんよこはま,8
1410051015758,パレット保育園・高田,ぱれっとほいくえん・たかだ,港北区,〒223-0065 神奈川県横浜市港北区高田東４丁目２２−３８,35.5492024,139.6204353,https://maps.google.com/?cid=7626428599501457926,"establishment,point_of_interest,school",045-544-1149,https://p-hoiku.com/info/72-2/%E5%90%84%E5%9C%92%E6%83%85%E5%A0%B1_%E9%AB%98%E7%94%B0/,,高田駅,つなしま,1
1410051015220,尚花愛児園,たかしはなあいじその,港北区,〒223-0053 神奈川県横浜市港北区綱島西２丁目１５−８,35.535369,139.6299657,https://maps.google.com/?cid=5102384291662947456,"establishment,point_of_interest,school",045-542-0233,https://www.shoka-aijien.or.jp/,,綱島駅,つなしま,8
1410051019289,ポピンズナーサリースクール小机,ぽぴんずなーさりーすくーるこづくえ,港北区,〒222-0036 神奈川県横浜市港北区小机町２５８０−１,35.507964,139.600842,https://maps.google.com/?cid=3413805028578412476,"establishment,point_of_interest,school",045-470-6621,https://www.poppins.co.jp/educare/room-search/kodukue/?utm_source=gmap&utm_medium=room&utm_campaign=202210,,小机駅,こづくえ,1
1410051027134,まなびの森　ヴィラ日吉こども園,まなびのもりゔぃらひよしこどもその,港北区,〒223-0051 神奈川県横浜市港北区箕輪町１丁目２−１ １,35.5509782,139.6470934,https://maps.google.com/?cid=8919426728818398577,"establishment,point_of_interest,school",,http://kodomonomori.co.jp/vh/,,日吉駅,ひよし,4
1410051015600,おおくらやまえきまえのぞみ保育園,おおくらやまえきまえのぞみほいくえん,港北区,〒222-0037 神奈川県横浜市港北区大倉山３丁目５−１６,35.520741,139.6297087,https://maps.google.com/?cid=6366156800715038215,"establishment,point_of_interest,school",045-717-6660,https://shkb.org/ookurayamaekimae/,,大倉山駅前駅,おおくらやま,2
1410051017119,アスクバイリンガル保育園ゆめみらい,あすくばいりんがるほいくえんゆめみらい,港北区,〒223-0052 神奈川県横浜市港北区綱島東４丁目１−５,35.5427877,139.6407579,https://maps.google.com/?cid=13478205624683504219,"establishment,point_of_interest,school",045-540-3030,https://list.nihonhoiku.co.jp/nursery/detail/yumemirai/?utm_source=google&utm_medium=map&utm_campaign=gbp,,綱島駅,しんつなしま,13
1410051024586,キッズパートナー小机,きっずぱーとなーこづくえ,港北区,〒222-0036 神奈川県横浜市港北区小机町２１９０ 番,35.509617,139.6007613,https://maps.google.com/?cid=15103266619319498805,"establishment,point_of_interest,school",045-473-5361,https://www.care-partner.com/place/kodukue/,,小机駅,こづくえ,2
1410051025476,光の園第二保育園,ひかりのそのだいにほいくえん,港北区,〒222-0011 神奈川県横浜市港北区菊名６丁目１５−１４,35.5144609,139.6308335,https://maps.google.com/?cid=3645874141753733604,"establishment,point_of_interest,school",045-430-5099,https://www.aunty-i.com/hikarinosono.html#nursery2,,菊名地区センター前駅,きくな,2
1410051026623,Gakkenほいくえん綱島,Gakkenほいくえんつなしま,港北区,〒223-0052 神奈川県横浜市港北区綱島東３丁目５−５７−１,35.539698,139.6425836,https://maps.google.com/?cid=1678755130596991003,"establishment,point_of_interest,school",045-642-3956,https://nursery.cocofump.co.jp/nursery/tsunashima/,,綱島駅,しんつなしま,13
1410051015709,光の園保育園,ひかりのそのほいくえん,港北区,〒222-0021 神奈川県横浜市港北区篠原北２丁目４−９ パールエイト菊名,35.510017,139.629633,https://maps.google.com/?cid=12402856245868844744,"establishment,point_of_interest,school",045-423-6755,http://www.aunty-i.com/sp/hikarinosono.html,,菊名駅,きくな,3
1410051024230,光の園アンティー保育園,ひかりのそのあんてぃーほいくえん,港北区,〒222-0011 神奈川県横浜市港北区菊名１丁目６−１４,35.4983114,139.6319311,https://maps.google.com/?cid=17435862794583574322,"establishment,point_of_interest,school",045-716-8326,http://aunty-i.com/,,妙蓮寺駅,みょうれんじ,2
1410051019008,横浜市港北保育園,よこはましこうほくほいくえん,港北区,〒222-0023 神奈川県横浜市港北区仲手原２丁目２０−１９,35.496176,139.631452,https://maps.google.com/?cid=1592050161556769438,"establishment,point_of_interest,school",045-421-8575,https://www.city.yokohama.lg.jp/kohoku/kosodate_kyoiku/hoiku/hoikujo/kohoku.html,,妙蓮寺駅,みょうれんじ,5
1410051028561,オハナ新羽保育園,おはなしんはねほいくえん,港北区,〒223-0057 神奈川県横浜市港北区新羽町１６８５−２,35.528451,139.611968,https://maps.google.com/?cid=2676927977747901871,"establishment,point_of_interest,school",045-532-0810,http://kiyukai.or.jp/ohana_nippa/,,新羽駅,おおくらやま,1
1410051025633,パレット保育園・妙蓮寺,ぱれっとほいくえん・みょうれんじ,港北区,〒222-0023 神奈川県横浜市港北区仲手原１丁目１８−１３,35.4956041,139.6341672,https://maps.google.com/?cid=8170443963505173908,"establishment,point_of_interest,school",045-710-0149,https://p-hoiku.com/info/72-2/%E5%90%84%E5%9C%92%E6%83%85%E5%A0%B1_%E5%A6%99%E8%93%AE%E5%AF%BA/,,仲手原アパート前駅,みょうれんじ,5
1410051017127,岩崎学園新横浜第二保育園,いわさきがくえんしんよこはまだいにほいくえん,港北区,〒222-0033 神奈川県横浜市港北区新横浜３丁目２２−１９,35.5123982,139.6182743,https://maps.google.com/?cid=15892592637556186859,"establishment,point_of_interest,school",045-474-5630,https://hoiku.iwasaki.ac.jp/kosodate/isyh2/index.html,,横浜アリーナ前駅,しんよこはま,4
1410051019651,大豆戸どろんこ保育園,まめどどろんこほいくえん,港北区,〒222-0032 神奈川県横浜市港北区大豆戸町９４３,35.51669260000001,139.6238065,https://maps.google.com/?cid=14182774340831929979,"establishment,point_of_interest,school",045-710-0906,https://www.doronko.jp/facilities/doronko-mamedo/?utm_source=GBP&utm_medium=click&utm_campaign=page_doronko-mamedo,,港北車庫前駅,おおくらやま,5
1410051019024,横浜市南日吉保育園,よこはましなんにちよしやすいくその,港北区,〒223-0062 神奈川県横浜市港北区日吉本町４丁目１０−５２ 横浜市立南日吉保育園,35.545476,139.634729,https://maps.google.com/?cid=15704695963566997803,"premise,street_address",045-561-6560,,,日吉本町駅,つなしま,11
1410051018232,Gakkenほいくえん日吉本町,Gakkenほいくえんひよしほんちょう,港北区,〒223-0062 神奈川県横浜市港北区日吉本町３丁目２３−１５,35.5477261,139.6384009,https://maps.google.com/?cid=14439652975982416963,"establishment,point_of_interest,school",045-560-2331,http://nursery.cocofump.co.jp/nursery/hiyoshihonchou/,,日吉本町駅,ひよし,9
1410051018240,日吉夢保育園,ひよしゆめほいくえん,港北区,〒223-0062 神奈川県横浜市港北区日吉本町５丁目７４−１,35.5504539,139.6268125,https://maps.google.com/?cid=9974789176088082531,"establishment,point_of_interest,school",045-562-4125,https://www.yumekoubou.or.jp/hoikuen/hiyoshiyume/,,高田駅,つなしま,12
1410051019644,第二尚花愛児園,だいにたかしはなあいじその,港北区,〒223-0053 神奈川県横浜市港北区綱島西１丁目１６−２７,35.5388901,139.6320937,https://maps.google.com/?cid=14592604322847215381,"establishment,point_of_interest,school",045-542-2004,http://dai2-shoka-aijien.jp/,,綱島駅,つなしま,9
1410051024693,クレシュ新横浜,くれしゅしんよこはま,港北区,〒222-0033 神奈川県横浜市港北区新横浜３丁目２−４ プレシア新横浜 3F,35.5109871,139.6213378,https://maps.google.com/?cid=18139995068442836747,"establishment,point_of_interest,school",045-473-5252,http://www.creche-shinyokohama.net/,,横浜アリーナ前駅,しんよこはま,2
1410051027878,ヒューマンアカデミー大倉山保育園,ひゅーまんあかでみーおおくらやまほいくえん,港北区,〒222-0002 神奈川県横浜市港北区師岡町２９８,35.5187655,139.6354863,https://maps.google.com/?cid=18167514633964426168,"establishment,point_of_interest,school",045-546-3166,https://hoiku.athuman.com/access/#tab_access_okurayama,,港北区総合庁舎前駅,おおくらやま,2
1410051017242,アイグラン保育園高田東,あいぐらんほいくえんたかだひがし,港北区,〒223-0065 神奈川県横浜市港北区高田東４丁目２３−１７,35.5484765,139.6195632,https://maps.google.com/?cid=7751099625884830647,"establishment,point_of_interest,school",045-859-9302,https://ai-takadahigashi.hoiku-en.net/,,高田駅,つなしま,2
1410051026581,しんよしだこども園（保育所部分）,しんよしだこどもその（ほいくしょぶぶん）,港北区,〒223-0058 神奈川県横浜市港北区新吉田東６丁目１７−３,35.536528,139.621422,https://maps.google.com/?cid=2202488721305287478,"establishment,point_of_interest,school",045-549-5821,http://www.shinyoshida-hoikuen.or.jp/,,綱島駅,つなしま,20
1410051026466,明日葉保育園大倉山園,あしたばほいくえんおおくらやまその,港北区,〒222-0037 神奈川県横浜市港北区大倉山１丁目１５−２１,35.5204863,139.6308617,https://maps.google.com/?cid=3074873590614070413,"establishment,point_of_interest,school",045-642-3561,https://www.ashita-ba.jp/hoiku/okurayama/,,港北区総合庁舎前駅,おおくらやま,4
1410051027142,スターチャイルド≪綱島ナーサリー≫,すたーちゃいるど≪つなしまなーさりー≫,港北区,〒223-0053 神奈川県横浜市港北区綱島西５丁目３−１５,35.5444884,139.6268246,https://maps.google.com/?cid=5500051003582131613,"establishment,point_of_interest,school",045-533-2201,https://www.starchild.jp/nursery/tsunashima,,高田駅,つなしま,13
1410051027829,小学館アカデミーひよし保育園,しょうがくかんあかでみーひよしほいくえん,港北区,〒223-0051 神奈川県横浜市港北区箕輪町２丁目２−１２ アリアソワン・プレミアム日吉 101,35.5473856,139.6446911,https://maps.google.com/?cid=8681950115849938136,"establishment,point_of_interest,school",045-560-1710,https://hoiku.shopro.co.jp/hoiku/about/nursery/hiyoshi.html,,プラウドシティ日吉駅,ひよし,1
1410051023992,ベネッセ　綱島台保育園,べねっせつなしまだいほいくえん,港北区,〒223-0054 神奈川県横浜市港北区綱島台１７−２３,35.54296679999999,139.632252,https://maps.google.com/?cid=5475732957261791322,"establishment,point_of_interest,school",045-534-0351,https://hoiku.benesse-style-care.co.jp/facilities/area_kanagawa/yokohama/h-tsunashimadai/,,綱島駅,つなしま,15
1410051015691,パレット保育園・綱島,ぱれっとほいくえん・つなしま,港北区,〒223-0053 神奈川県横浜市港北区綱島西１丁目２ パレット保育園・綱島,35.537881,139.6354742,https://maps.google.com/?cid=6019063931784738804,"premise,street_address",045-540-0301,https://p-hoiku.com/info/72-2/%E5%90%84%E5%9C%92%E6%83%85%E5%A0%B1_%E3%81%9F%E3%81%BE%E3%83%97%E3%83%A9%E3%83%BC%E3%82%B6/,,綱島駅,つなしま,2
1410051027977,さくらんぼ保育園,さくらんぼほいくえん,港北区,〒223-0062 神奈川県横浜市港北区日吉本町１丁目２−９ 浜大 ビル ４Ｆ,35.553934,139.645418,https://maps.google.com/?cid=13604554684744408955,"establishment,point_of_interest,school",045-564-5518,https://sakuranbo-hoikuen.com/,,日吉駅,ひよし,5
1410051026011,まなびの森　菊名こども園,まなびのもりきくなこどもその,港北区,〒222-0013 神奈川県横浜市港北区錦が丘１９−１８,35.5078074,139.6301351,https://maps.google.com/?cid=9816246843588808212,"establishment,point_of_interest,school",045-947-2020,http://kodomonomori.co.jp/ki/,,菊名駅,きくな,6
1410051018216,アスク日吉本町開善保育園,あすくひよしほんちょうかいよしやすいくその,港北区,〒223-0062 神奈川県横浜市港北区日吉本町２丁目４６−１１,35.5515575,139.6356741,https://maps.google.com/?cid=1283279496948274257,"establishment,point_of_interest,school",045-562-0895,https://list.nihonhoiku.co.jp/nursery/detail/hiyoshihoncho/?utm_source=google&utm_medium=map&utm_campaign=gbp,,日吉本町駅,ひよし,5
1410051018257,ペガサス新横浜保育園,ぺがさすしんよこはまほいくえん,港北区,〒222-0033 神奈川県横浜市港北区新横浜３丁目２４−１４,35.5140227,139.6204427,https://maps.google.com/?cid=3201634689270515873,"establishment,point_of_interest,school",045-476-0768,http://www.yamayuri-kai.jp/shinyokohamaindex.html,,太尾新道駅,しんよこはま,2
1410051014934,マーマしのはら保育園,まーましのはらほいくえん,港北区,〒222-0026 神奈川県横浜市港北区篠原町９７４−２５,35.5010425,139.6214015,https://maps.google.com/?cid=16139365503080370619,"establishment,point_of_interest,school",045-439-0048,https://www.mama-hoikuen.com/,,武相台駅,しんよこはま,9
1410051017093,アスク大倉山保育園,あすくおおくらやまほいくえん,港北区,〒222-0037 神奈川県横浜市港北区大倉山４丁目１−１ BROTE大倉山 1F,35.51809009999999,139.6251737,https://maps.google.com/?cid=3483781887039518142,"establishment,point_of_interest,school",045-549-5282,https://list.nihonhoiku.co.jp/nursery/detail/okurayama/?utm_source=google&utm_medium=map&utm_campaign=gbp,,新菊名橋駅,おおくらやま,5
1410051014900,ケンパ高田,けんぱたかだ,港北区,〒223-0065 神奈川県横浜市港北区高田東４丁目１７−１７,35.5474166,139.6211202,https://maps.google.com/?cid=16933957469385260884,"establishment,point_of_interest,school",045-540-0400,https://www.kenpa.jp/nursery/takadaen/,,高田駅,つなしま,5
1410051017184,日吉みんなの保育園,ひよしみんなのほいくえん,港北区,〒223-0061 神奈川県横浜市港北区日吉２丁目９−６,35.5557124,139.6452724,https://maps.google.com/?cid=17989800127432245015,"establishment,point_of_interest,school",045-561-6041,https://hiyoshiminna.web.fc2.com/,,日吉駅東口駅,ひよし,9
1410051017168,第二福澤保育センター,だいにふくざわほいくせんたー,港北区,〒222-0026 神奈川県横浜市港北区篠原町２８２３,35.505064,139.621259,https://maps.google.com/?cid=18131802762111623344,"establishment,point_of_interest,school",045-434-1135,https://www.kuonen-kids.jp/sub2.html,,新横浜駅,しんよこはま,9
1410051014884,アスク日吉本町第二保育園,あすくひよしほんちょうだいにほいくえん,港北区,〒223-0062 神奈川県横浜市港北区日吉本町２丁目４６−２４,35.551642,139.6359752,https://maps.google.com/?cid=17930357459612784685,"establishment,point_of_interest,school",045-566-6445,https://list.nihonhoiku.co.jp/nursery/detail/hiyoshihoncho2/?utm_source=google&utm_medium=map&utm_campaign=gbp,,日吉本町駅,ひよし,5
1410051026730,木下の保育園日吉,きのしたのほいくえんひよし,港北区,〒223-0051 神奈川県横浜市港北区箕輪町３丁目１５−３８,35.5457811,139.6423552,https://maps.google.com/?cid=16548375992921782548,"establishment,point_of_interest,school",045-548-4066,https://www.kinoshita-hoiku.com/facility/hiyoshi,,日吉本町駅,ひよし,17
1410051015683,にじいろ保育園綱島,にじいろほいくえんつなしま,港北区,〒222-0032 神奈川県横浜市港北区綱島西３丁目４−８,35.5370716,139.6293898,https://maps.google.com/?cid=14568712869729033118,"establishment,point_of_interest,school",045-717-7241,https://www.like-kd.co.jp/establishment/nijiiro/HPtsunashima?utm_source=google&utm_medium=maps&utm_campaign=tsunashima,,綱島駅,つなしま,8
1410051025500,キッズパートナー綱島東,きっずぱーとなーつなしまひがし,港北区,〒223-0052 神奈川県横浜市港北区綱島東４丁目６−３３,35.5412137,139.6437546,https://maps.google.com/?cid=10353559374098582326,"establishment,point_of_interest,school",045-545-6230,https://www.care-partner.com/service/childcare/tunashimahigashi/,,綱島駅,しんつなしま,16
1410051015212,大倉山保育園,おおくらやまほいくえん,港北区,〒222-0003 神奈川県横浜市港北区大曽根１丁目７−１ 横浜市立大倉山保育園 大倉山保育園,35.524644,139.6320119,https://maps.google.com/?cid=2534306337361255909,"establishment,point_of_interest,school",045-542-5632,https://kyosaikai.jp/service/okurayama-hoiku/,,大曽根町駅,おおくらやま,3
1410051025971,ぶれすと綱島ほいくえん,ぶれすとつなしまほいくえん,港北区,〒222-0001 神奈川県横浜市港北区樽町２丁目３−１ １F,35.5304121,139.6386907,https://maps.google.com/?cid=9047719715835942052,"establishment,point_of_interest,school",045-947-2730,https://hoikuen.brest.co.jp/tsunashima/,,樽町中央駅,しんつなしま,2
1410051025468,天才キッズクラブ楽学館大倉山園,てんさいきっずくらぶがくがくかんおおくらやまその,港北区,〒222-0037 神奈川県横浜市港北区大倉山３丁目５５−３,35.5227424,139.6254348,https://maps.google.com/?cid=5441802059257783827,"establishment,point_of_interest,school",045-642-5795,http://tensaikids.jp/,,観音前駅,おおくらやま,3
1410051024016,コビープリスクールつなしま,こびーぷりすくーるつなしま,港北区,〒223-0055 神奈川県横浜市港北区綱島上町91−１,35.5356878,139.6247134,https://maps.google.com/?cid=17628665038648190957,"establishment,point_of_interest,school",045-633-8099,https://www.coby.jp/institute/tsunashima/,,綱島駅,つなしま,15
1410051023976,ブライト保育園横浜綱島,ぶらいとほいくえんよこはまつなしま,港北区,〒223-0058 神奈川県横浜市港北区新吉田東１丁目６−２６,35.54183,139.6231586,https://maps.google.com/?cid=12537984535841471345,"establishment,point_of_interest,school",045-542-0190,https://www.saiseikai.net/brighttsunashima/,,高田駅,つなしま,17
1410051017200,まめどくれっしゅ,まめどくれっしゅ,港北区,〒222-0032 神奈川県横浜市港北区大豆戸町４０−３,35.5194603,139.634174,https://maps.google.com/?cid=11146655340546214998,"establishment,point_of_interest,school",045-545-5002,https://www.doronko.jp/facilities/mamedokuresshu/?utm_source=GBP&utm_medium=click&utm_campaign=page_mamedokuresshu,,港北区総合庁舎前駅,おおくらやま,3
1410051023984,スターチャイルド≪新吉田ナーサリー≫,すたーちゃいるど≪しんきちたなーさりー≫,港北区,〒223-0058 神奈川県横浜市港北区新吉田東７丁目２８−１,35.5328338,139.6176562,https://maps.google.com/?cid=14717894369401166831,"establishment,point_of_interest,school",045-544-0366,https://www.starchild.jp/nursery/shinyoshida/,,下町会館前駅,つなしま,14
1410051024255,ポピンズナーサリースクール綱島,ぽぴんずなーさりーすくーるつなしま,港北区,〒223-0052 神奈川県横浜市港北区綱島東３丁目２−１５,35.5387454,139.6413635,https://maps.google.com/?cid=15572382129809802685,"establishment,point_of_interest,school",045-859-9892,https://www.poppins.co.jp/educare/room-search/tsunashima/?utm_source=gmap&utm_medium=room&utm_campaign=202210,,新綱島駅,しんつなしま,9
1410051019040,横浜市太尾保育園,よこはましたおほいくえん,港北区,〒222-0037 神奈川県横浜市港北区大倉山４丁目２４−７ 横浜市太尾保育園,35.520757,139.622453,https://maps.google.com/?cid=18270759436308641951,"establishment,point_of_interest,school",045-542-0852,https://www.city.yokohama.lg.jp/kohoku/kosodate_kyoiku/hoiku/hoikujo/hutoohoikuen.html,,港北土木事務所前駅,おおくらやま,4
1410051024008,木下の保育園　綱島東,きのしたのほいくえんつなしまひがし,港北区,〒223-0052 神奈川県横浜市港北区綱島東４丁目５−３５,35.541757,139.6432698,https://maps.google.com/?cid=8891763550229536035,"establishment,point_of_interest",045-543-6506,https://www.kinoshita-hoiku.com/facility/tsunashimahigashi,,綱島駅,しんつなしま,15
1410051024198,グローバルキッズ菊名園,ぐろーばるきっずきくなその,港北区,〒222-0011 神奈川県横浜市港北区菊名６丁目３−２０,35.5120875,139.6319338,https://maps.google.com/?cid=1071380562748966159,"establishment,point_of_interest,school",045-421-3577,http://www.gkids.co.jp/facilities/nursery_011.html,,菊名駅前駅,きくな,0
1410051015675,グローバルキッズ日吉園,ぐろーばるきっずひよしその,港北区,〒223-0061 神奈川県横浜市港北区日吉１丁目１０ グローバルキッズ日吉園,35.55645,139.6425261,https://maps.google.com/?cid=13385297955881866588,"premise,street_address",045-562-0321,https://www.gkids.co.jp/facilities/nursery_028.html,,日吉駅,ひよし,12
1410051015667,グローバルキッズ綱島園,ぐろーばるきっずつなしまその,港北区,〒223-0052 神奈川県横浜市港北区綱島東４丁目１１−３８,35.5395148,139.6448203,https://maps.google.com/?cid=3332092958829053326,"establishment,point_of_interest",045-545-1717,https://www.gkids.co.jp/facilities/nursery_039.html,,綱島駅,しんつなしま,15
1410051017101,アスク日吉東保育園,あすくひよしひがしほいくえん,港北区,〒223-0061 神奈川県横浜市港北区日吉７丁目２０−４４,35.5431376,139.6483612,https://maps.google.com/?cid=14563247226545749157,"establishment,point_of_interest,school",045-566-2226,https://list.nihonhoiku.co.jp/nursery/detail/hiyoshihigashi/?utm_source=google&utm_medium=map&utm_campaign=gbp,,宮前西町駅,ひよし,7
1410051026680,ぶれすと綱島二階ほいくえん,ぶれすとつなしまにかいほいくえん,港北区,〒222-0001 神奈川県横浜市港北区樽町２丁目３−１ ２F,35.5303442,139.638611,https://maps.google.com/?cid=13949536047226517933,"establishment,point_of_interest,school",045-834-8766,https://hoikuen.brest.co.jp/tsunashima-nikai/,,樽町中央駅,しんつなしま,2
1410051014298,マイ・ハート綱島東保育園,まい・はーとつなしまひがしほいくえん,港北区,〒223-0052 神奈川県横浜市港北区綱島東３丁目４−３２,35.5381171,139.6425364,https://maps.google.com/?cid=7046410975007993086,"establishment,point_of_interest,school",045-642-3700,https://my-heart.co.jp/%E3%83%9E%E3%82%A4%E3%83%BB%E3%83%8F%E3%83%BC%E3%83%88%E7%B6%B1%E5%B3%B6%E6%9D%B1%E4%BF%9D%E8%82%B2%E5%9C%92%E3%83%9B%E3%83%BC%E3%83%A0%E3%83%9A%E3%83%BC%E3%82%B8/,,新綱島駅,しんつなしま,10
1410052004264,尚花ぞうさん保育室,たかしはなぞうさんほいくしつ,港北区,〒223-0053 神奈川県横浜市港北区綱島西２丁目１５−１４,35.5353078,139.6296886,https://maps.google.com/?cid=4810306996863588962,"establishment,point_of_interest,school",045-717-7471,http://www.shoka-aijien.or.jp/publics/index/43/,,綱島駅,つなしま,8
1410051023760,テンダーラビング保育園綱島東,てんだーらびんぐほいくえんつなしまひがし,港北区,〒223-0052 神奈川県横浜市港北区綱島東４丁目１０−３４,35.541573,139.646345,https://maps.google.com/?cid=1456853169132052564,"establishment,point_of_interest,school",045-633-7258,https://tlcs-ns.jp/facility/tsunashima/,,綱島駅,しんつなしま,19
1410051025641,キディ大倉山・横浜,きでぃおおくらやま・よこはま,港北区,〒222-0032 神奈川県横浜市港北区大豆戸町３５−１,35.5191771,139.6339165,https://maps.google.com/?cid=8266549736306309443,"establishment,point_of_interest,school",045-717-7122,https://www.shinkoufukushikai.com/hoiku/ninka/kiddy-okurayama,,港北区総合庁舎前駅,おおくらやま,2
1410051015634,くっくおさんぽ保育園,くっくおさんぽほいくえん,港北区,〒223-0061 神奈川県横浜市港北区日吉６丁目１−７,35.545629,139.652044,https://maps.google.com/?cid=12616409125295739202,"establishment,point_of_interest,school",045-566-6777,http://kukkuosanpo.com/,,日吉五丁目駅,ひよし,2
1410051014959,たかた保育園,たかたほいくえん,港北区,〒223-0066 神奈川県横浜市港北区高田西４丁目３５−１８ 横浜市立高田保育園,35.554939,139.615514,https://maps.google.com/?cid=9396006329328699631,"establishment,point_of_interest,school",045-592-3251,http://www.takata-hoikuen.jp/,,高田駅,つなしま,15
1410051024842,まなびの森　綱島こども園,まなびのもりつなしまこどもその,港北区,〒223-0052 神奈川県横浜市港北区綱島西６丁目２３,35.5418784,139.6391757,https://maps.google.com/?cid=15023933823284592167,"establishment,point_of_interest,school",045-547-6655,http://kodomonomori.co.jp/tu/,,綱島駅,しんつなしま,11
1410051027845,小学館アカデミーつなしま保育園,しょうがくかんあかでみーつなしまほいくえん,港北区,〒222-0001 神奈川県横浜市港北区樽町２丁目１３−２７,35.531361,139.633707,https://maps.google.com/?cid=17436087477363700836,"establishment,point_of_interest,school",045-542-1521,https://hoiku.shopro.co.jp/hoiku/about/nursery/tsunashima.html,,大綱橋駅,しんつなしま,2
1410051017275,たんぽぽ保育園,たんぽぽほいくえん,港北区,〒222-0037 神奈川県横浜市港北区大倉山５丁目４０−１５,35.5248334,139.6247439,https://maps.google.com/?cid=6803879219320238402,"establishment,point_of_interest,school",045-633-4141,http://tanpopo.kir.jp/,,観音前駅,おおくらやま,1
1410051024859,パレット保育園・大倉山,ぱれっとほいくえん・おおくらやま,港北区,〒222-0001 神奈川県横浜市港北区樽町１丁目１３−３,35.5267364,139.6334103,https://maps.google.com/?cid=16807357050388556052,"establishment,point_of_interest,school",045-859-9149,https://p-hoiku.com/info/72-2/%E5%90%84%E5%9C%92%E6%83%85%E5%A0%B1_%E5%A4%A7%E5%80%89%E5%B1%B1/,,大曽根町駅,おおくらやま,1
1410051025997,ちいさなたね保育園,ちいさなたねほいくえん,港北区,〒222-0002 神奈川県横浜市港北区師岡町８４６−１,35.5264148,139.6437729,https://maps.google.com/?cid=17682356721439793686,"establishment,point_of_interest,school",045-515-0619,https://bi-no.org/small,,表谷戸駅,しんつなしま,4
1410051015618,おおつな保育園,おおつなほいくえん,港北区,〒222-0003 神奈川県横浜市港北区大曽根２丁目３３−８,35.531368,139.630706,https://maps.google.com/?cid=8722668516260390322,"establishment,point_of_interest,school",045-531-0501,https://www.shoutokukai.jp/facilities/otsuna,,大綱橋駅,つなしま,7
1410051015741,森の樹保育園,もりのきほいくえん,港北区,〒222-0037 神奈川県横浜市港北区大倉山１丁目２２−５,35.5179402,139.6308366,https://maps.google.com/?cid=5099963441913273117,"establishment,point_of_interest,school",045-533-0242,http://morinoki.yokohama/,,大豆戸交差点駅,おおくらやま,4
1410051026037,グローバルキッズ大倉山園,ぐろーばるきっずおおくらやまその,港北区,〒222-0037 神奈川県横浜市港北区大倉山３丁目５８−１３,35.523032,139.6250553,https://maps.google.com/?cid=1643019786278986154,"establishment,point_of_interest,school",045-947-3320,https://www.gkids.co.jp/facilities/nursery_173.html,,観音前駅,おおくらやま,2
1410051019636,うみのくに保育園きくな,うみのくにほいくえんきくな,港北区,〒222-0011 神奈川県横浜市港北区菊名７丁目５−３６,35.5161632,139.6301281,https://maps.google.com/?cid=17124925421268640965,"establishment,point_of_interest,school",045-717-5120,https://soranohane.com/kikuna.html,,新菊名橋駅,おおくらやま,3
1410051023786,わかさと保育園,わかさとほいくえん,港北区,〒223-0053 神奈川県横浜市港北区綱島西６丁目３−１３,35.5447991,139.6360963,https://maps.google.com/?cid=13152203050672310936,"establishment,point_of_interest,school",045-546-0551,https://wakasato.site/nursery/wakasato/,,日吉本町駅,つなしま,13
1410052003431,小規模保育事業ＭＩＲＡｉｏ新横浜,しょうきぼほいくじぎょうＭＩＲＡｉｏしんよこはま,港北区,〒222-0033 神奈川県横浜市港北区新横浜３丁目１２−４,35.5130592,139.6212316,https://maps.google.com/?cid=9621238787516215413,"establishment,point_of_interest",045-475-1139,http://www.miraio.net/,,太尾新道駅,しんよこはま,1
1410051025427,ウッズ保育園,うっずほいくえん,港北区,〒223-0053 神奈川県横浜市港北区綱島西２丁目１−７,35.53499890000001,139.6336116,https://maps.google.com/?cid=15450413479737193608,"establishment,point_of_interest,school",045-547-6151,https://hoikushitsu-woods.com/,,綱島駅,つなしま,3
1410051014280,太陽の子　日吉保育園,たいようのこひよしほいくえん,港北区,〒223-0061 神奈川県横浜市港北区日吉１丁目２１−５５,35.5571046,139.6408853,https://maps.google.com/?cid=14211296540894755126,"establishment,point_of_interest,school",045-566-6345,https://www.kidslife-nursery.com/facility/kanagawa/yokohama/hiyoshi/,,日吉駅,ひよし,15
1410051024024,ブライト保育園横浜日吉,ぶらいとほいくえんよこはまひよし,港北区,〒223-0061 神奈川県横浜市港北区日吉５丁目２１−１,35.5459392,139.6548249,https://maps.google.com/?cid=11298168629927634541,"establishment,point_of_interest,school",045-565-0190,https://saiseikai.net/brighthiyoshi/,,一本橋駅,ひよし,1
1410051024578,みらいく高田園,みらいくたかだその,港北区,〒223-0066 神奈川県横浜市港北区高田西４丁目２６−７,35.5530385,139.6139442,https://maps.google.com/?cid=6352920311730408135,"establishment,point_of_interest,school",045-620-4511,https://www.miraiku-h.co.jp/nursery/takata/?utm_source=google&utm_medium=maps,,高田駅,つなしま,12
1410051014942,めぐみ保育園,めぐみほいくえん,港北区,〒223-0058 神奈川県横浜市港北区新吉田東３丁目３９−１５,35.5438125,139.6161362,https://maps.google.com/?cid=4874087399444974162,"establishment,point_of_interest,school",045-590-0590,https://megumi.hazawa.jp/,,高田駅,つなしま,12
1410051017176,なあな保育園,なあなほいくえん,港北区,〒222-0001 神奈川県横浜市港北区樽町３丁目６−３８,35.5302772,139.6427444,https://maps.google.com/?cid=7993301234135201934,"establishment,point_of_interest,school",045-543-0327,http://www.tokyolm.co.jp/nana_ns/,,樽町駅,しんつなしま,3
1410051019669,パレット保育園・大豆戸,ぱれっとほいくえん・まめど,港北区,〒222-0032 神奈川県横浜市港北区大豆戸町５５２−１,35.5139927,139.6247582,https://maps.google.com/?cid=1343885640577516768,"establishment,point_of_interest,school",045-438-3149,https://p-hoiku.com/info/72-2/%E5%90%84%E5%9C%92%E6%83%85%E5%A0%B1_%E5%A4%A7%E8%B1%86%E6%88%B8/,,港北車庫前駅,きくな,2
1410051025807,港北コスモス保育園,こうほくこすもすほいくえん,港北区,〒223-0058 神奈川県横浜市港北区新吉田東５丁目７８−２４,35.5400431,139.6150083,https://maps.google.com/?cid=1189381388484374751,"establishment,point_of_interest,school",045-716-8297,https://cosmosfukushikai.com/,,高田駅,つなしま,19
1410051026243,認定こども園岸根こども園（保育所部分）,にんていこどもそのきしねこどもその（ほいくしょぶぶん）,港北区,〒222-0034 神奈川県横浜市港北区岸根町６８５−１２ 山百合会岸根保育園,35.496435,139.610522,https://maps.google.com/?cid=413454699164172053,"establishment,point_of_interest,school",045-491-1555,https://yamayuri-kai.jp/nursery_school_info/kishine/,,岸根谷戸駅,しんよこはま,6
1410051017218,森のエルマー保育園,もりのえるまーほいくえん,港北区,〒223-0058 神奈川県横浜市港北区新吉田東３丁目６−３３,35.546112,139.617564,https://maps.google.com/?cid=3419398851282077971,"establishment,point_of_interest,school",045-546-6202,http://elmer-kids.com/,,高田駅,つなしま,8
1410051024602,はなまる保育園,はなまるほいくえん,港北区,〒223-0052 神奈川県横浜市港北区綱島東１丁目１３−２ ＭＫマンション第三,35.536421,139.637547,https://maps.google.com/?cid=2497086856897410352,"establishment,point_of_interest,school",045-547-0555,https://www.hanamaru-hoikuen.com/,,新綱島駅,しんつなしま,2
1410051018638,まなびの森　日吉こども園,まなびのもりひよしこどもその,港北区,〒223-0061 神奈川県横浜市港北区日吉５丁目１１−２４ ルミエール日吉,35.546318,139.652886,https://maps.google.com/?cid=10716041277156353854,"establishment,point_of_interest,school",045-563-7873,http://kodomonomori.co.jp/hy/,,日吉五丁目駅,ひよし,1
1410051015725,聖保育園,ひじりほいくえん,港北区,〒222-0037 神奈川県横浜市港北区大倉山３丁目４１−１７ ノエル聖保育園,35.5222993,139.6271223,https://maps.google.com/?cid=16936467607285187933,"establishment,point_of_interest,school",045-543-3695,https://hijirihoikuen-daini.com/recruit/,,観音前駅,おおくらやま,3
1410052005030,聖愛クロス保育園　きくな,せいあいくろすほいくえんきくな,港北区,〒222-0032 神奈川県横浜市港北区大豆戸町２５７,35.5123782,139.6300896,https://maps.google.com/?cid=938308904996929950,"establishment,point_of_interest,school",045-438-3162,https://www.occ.ed.jp/kikuna/,,菊名駅前駅,きくな,6
1410051018265,ペガサスベビー保育園,ぺがさすべびーほいくえん,港北区,〒222-0033 神奈川県横浜市港北区新横浜１丁目１９−１８,35.505686,139.612475,https://maps.google.com/?cid=5335396108723521378,"establishment,point_of_interest,school",045-475-1376,http://www.yamayuri-kai.jp/babyindex.html,,又口橋駅,しんよこはま,9
1410051024487,みらいく日吉本町園,みらいくひよしほんちょうその,港北区,〒223-0062 神奈川県横浜市港北区日吉本町４丁目１７−４６ １Ｆ,35.5466272,139.6313044,https://maps.google.com/?cid=8039750117215476436,"establishment,point_of_interest,school",045-565-9011,https://www.miraiku-h.co.jp/nursery/hiyoshihonmachi/?utm_source=google&utm_medium=maps,,日吉本町駅,つなしま,8
1410051025591,スターチャイルド≪大倉山ナーサリー≫,すたーちゃいるど≪おおくらやまなーさりー≫,港北区,〒222-0002 神奈川県横浜市港北区師岡町１１８４−１,35.5228629,139.6346658,https://maps.google.com/?cid=3372365880946549054,"establishment,point_of_interest,school",045-540-7050,https://www.starchild.jp/nursery/okurayama/,,南谷戸駅,おおくらやま,8
1410051026029,ララランド大倉山,らららんどおおくらやま,港北区,〒222-0037 神奈川県横浜市港北区大倉山１丁目１０−１２ ステラマリス,35.52184700000001,139.6317286,https://maps.google.com/?cid=9161134281224686002,"establishment,point_of_interest,school",045-642-7623,https://la-la-land.co.jp/school-okurayama/,,大倉山駅前駅,おおくらやま,3
1410051015592,大倉山元気の泉保育園,おおくらやまげんきのいずみほいくえん,港北区,〒222-0001 神奈川県横浜市港北区樽町１丁目１４−２０,35.5272079,139.6353107,https://maps.google.com/?cid=17703017322259509272,"establishment,point_of_interest,school",045-532-0076,https://genkinoizumi.ed.jp/okurayama/,,大曽根町駅,おおくらやま,4
1410051017226,わおわお大倉山保育園,わおわおおおくらやまほいくえん,港北区,〒222-0037 神奈川県横浜市港北区大倉山５丁目７−２ ダイアパレスグランデージ大倉山弐番館 1F,35.5239804,139.6241263,https://maps.google.com/?cid=550291535958121652,"establishment,point_of_interest,school",045-549-6380,http://www.waowao.or.jp/,,観音前駅,おおくらやま,1
1410052005733,もしもしのほし日吉保育園,もしもしのほしひよしほいくえん,港北区,〒223-0061 神奈川県横浜市港北区日吉２丁目３−８ 日吉ビル 1F 柏屋,35.5545036,139.6464646,https://maps.google.com/?cid=15568994210773340363,"establishment,point_of_interest,school",045-577-0914,https://mocmo.ed.jp/,,日吉駅東口駅,ひよし,5
1410051027043,グローバルキッズ日吉五丁目園,ぐろーばるきっずひよしごちょうめその,港北区,〒223-0061 神奈川県横浜市港北区日吉５丁目２９−１８,35.5511185,139.6557759,https://maps.google.com/?cid=11464359558335328423,"establishment,point_of_interest,school",045-620-5660,https://www.gkids.co.jp/facilities/nursery_177.html,,越路駅,ひよし,9
1410051024388,聖保育園第二,ひじりほいくえんだいに,港北区,〒222-0037 神奈川県横浜市港北区大倉山１丁目１１−８,35.521349,139.631136,https://maps.google.com/?cid=5136799195183961680,"establishment,point_of_interest,school",045-542-7375,https://hijirihoikuen-daini.com/recruit/,,大倉山駅前駅,おおくらやま,2
1410051026789,キッズラディ,きっずらでぃ,港北区,〒222-0032 神奈川県横浜市港北区大豆戸町６３９−２,35.5126262,139.6226284,https://maps.google.com/?cid=7868327560286207600,"establishment,point_of_interest,school",045-439-5025,http://www.kyokushin-mm.jp/50index,,港北車庫前駅,しんよこはま,2
1410051027159,トゥインクルキッズ高田保育園,とぅいんくるきっずたかだほいくえん,港北区,〒223-0065 神奈川県横浜市港北区高田東３丁目１−１１ Ｆｉｏｒｉｔｕｒａ １Ｆ,35.5501204,139.6200377,https://maps.google.com/?cid=795560805079571057,"establishment,point_of_interest,school",045-947-4106,https://twinkle-kids.space/,,高田駅,つなしま,1
1410051025989,みらいく矢上園,みらいくやがみその,港北区,〒223-0061 神奈川県横浜市港北区日吉５丁目１３−４ ＬＯＣ’Ｓ ＨＩＹＯＳＨＩ ２Ｆ,35.548424,139.6534647,https://maps.google.com/?cid=16971089843171387925,"establishment,point_of_interest,school",045-534-3845,https://www.miraiku-h.co.jp/nursery/yagami/?utm_source=google&utm_medium=maps,,日吉五丁目駅,ひよし,5
1410052003233,キッズパートナー日吉,きっずぱーとなーひよし,港北区,〒223-0051 神奈川県横浜市港北区箕輪町１丁目１−１８,35.5510388,139.6473211,https://maps.google.com/?cid=5687296003531978005,"establishment,point_of_interest,school",045-560-2300,https://www.care-partner.com/place/hiyoshi/,,日吉駅,ひよし,4
1410052005253,きゅーぴーるーむ大倉山園,きゅゅぴぴるるむおおくらやまその,港北区,〒222-0037 神奈川県横浜市港北区大倉山３丁目５８−１３,35.5230426,139.6250868,https://maps.google.com/?cid=17543866842089821739,"establishment,point_of_interest,school",045-834-9590,https://qproom.jp/okurayamaen/,,観音前駅,おおくらやま,2
1410052003043,ピッコロ・グランデ新横浜,ぴっころ・ぐらんでしんよこはま,港北区,〒222-0033 神奈川県横浜市港北区新横浜１丁目,35.5024113,139.610667,https://maps.google.com/?cid=12355768764629261145,"establishment,point_of_interest",045-472-1188,https://www.senrikai.jp/piccolo/,,又口橋駅,しんよこはま,2
1410052005691,みらいこうほく保育園,みらいこうほくほいくえん,港北区,〒223-0062 神奈川県横浜市港北区日吉本町５丁目６７−１１−１,35.5482486,139.6286965,https://maps.google.com/?cid=10830675973696907887,"establishment,point_of_interest,school",,https://www.miraikai.ed.jp/guide/2590.html,,日吉本町駅,つなしま,7
1410051015642,くっくおさんぽ保育園大倉山,くっくおさんぽほいくえんおおくらやま,港北区,〒222-0037 神奈川県横浜市港北区大倉山５丁目３９−２３,35.5257606,139.6228591,https://maps.google.com/?cid=6083307767882800543,"establishment,point_of_interest,school",045-542-7236,https://cgi.city.yokohama.lg.jp/kodomo/hoiku-shisetu/hdata/n0374.html,,太尾神社前駅,おおくらやま,2
1410052005931,イルカ保育園,いるかほいくえん,港北区,〒223-0061 神奈川県横浜市港北区日吉２丁目４−３ 高久ビル,35.5546581,139.6466423,https://maps.google.com/?cid=10515094959519062208,"establishment,point_of_interest,school",045-561-6702,,,日吉駅東口駅,ひよし,6
1410052004371,くじら保育園,くじらほいくえん,港北区,〒223-0064 神奈川県横浜市港北区下田町５丁目２９−２３ 下田ビル,35.557977,139.62694,https://maps.google.com/?cid=9638381845036295254,"establishment,point_of_interest,school",045-562-6718,https://www.kjrnoko.com/,,日吉本町駅,ひよし,21
1410052004868,グローバルキッズ綱島ＳＳＴ保育園,ぐろーばるきっずつなしまＳＳＴほいくえん,港北区,〒223-0052 神奈川県横浜市港北区綱島東４丁目３−４２,35.5412298,139.6418852,https://maps.google.com/?cid=2779275228422338704,"establishment,point_of_interest,school",045-642-7301,https://www.gkids.co.jp/facilities/nursery_123.html,,綱島駅,しんつなしま,13
1410051027126,日吉ちとせ保育園,ひよしちとせほいくえん,港北区,〒223-0061 神奈川県横浜市港北区日吉２丁目１０−２３,35.55592,139.6453238,https://maps.google.com/?cid=16522461060142079424,"establishment,point_of_interest,school",045-565-1230,https://www.chitosek.or.jp/preschools/hiyoshi,,日吉駅東口駅,ひよし,8
1410052005188,フェアリーテイルそら,ふぇありーているそら,港北区,〒222-0033 神奈川県横浜市港北区新横浜３丁目２３−３ 1階,35.5134997,139.6191898,https://maps.google.com/?cid=10804271623775286654,"establishment,point_of_interest",045-474-2504,https://o-planet.jp/hoiku/,,太尾新道駅,しんよこはま,4
1410052005469,キッズラボ菊名園,きっずらぼきくなその,港北区,〒222-0011 神奈川県横浜市港北区菊名６丁目１２−８ ヴィラレヴァンテ 1F,35.51336,139.63197,https://maps.google.com/?cid=11303499125502899427,"establishment,point_of_interest,school",045-717-5455,https://kids-lab.co.jp/kikunaen/?utm_source=google&utm_medium=maps,,菊名地区センター前駅,きくな,0
1410051027910,にじいろ保育園綱島東,にじいろほいくえんつなしまひがし,港北区,〒223-0051 神奈川県横浜市港北区綱島東１丁目１１−２ マンション桐本 1F・2F,35.5349222,139.6358712,https://maps.google.com/?cid=6356616589048991833,"establishment,point_of_interest,school",045-633-4851,https://www.like-kd.co.jp/establishment/nijiiro/HPtsunashimahigashi?utm_source=google&utm_medium=maps&utm_campaign=tsunashimahigashi,,新綱島駅,しんつなしま,2
1410052004355,ベイキッズ星の森保育園,べいきっずほしのもりやすいくその,港北区,〒224-0007 神奈川県横浜市都筑区荏田南１丁目１２−２８,35.4962100,139.6314500,https://maps.google.com/?cid=3287192786423838371,"establishment,point_of_interest,school",045-530-0777,https://www.bay-kids.com/aozora.html,,妙蓮寺駅,みょうれんじ,5
1410052005683,ばばほいくしつ綱島,ばばほいくしつつなしま,港北区,〒223-0053 神奈川県横浜市港北区綱島西３丁目５−１６ 武市ビル,35.5377521,139.6296987,https://maps.google.com/?cid=471450671807163214,"establishment,point_of_interest,school",045-297-6290,https://fazer-bon.org/,,綱島駅,つなしま,8
1410051014264,菊名愛児園,きくなあいじその,港北区,〒222-0011 神奈川県横浜市港北区菊名４丁目５−１,35.509703,139.635868,https://maps.google.com/?cid=18335881285699283840,"establishment,point_of_interest,school",045-401-0431,https://kikuna.jpn.org/aijien/index.html,,菊名駅前駅,きくな,4
1410052005824,preschool ALICE Clover,preschoolALICEClover,港北区,〒223-0052 神奈川県横浜市港北区綱島東３丁目５−５０ コリエンテ綱島 1階,35.5390966,139.6429034,https://maps.google.com/?cid=9009461528283125987,"establishment,point_of_interest,school",,,,綱島駅,しんつなしま,13
1410052002912,港北こども園,こうほくこどもその,港北区,〒222-0032 神奈川県横浜市港北区大豆戸町３６５−１,35.5160105,139.6260094,https://maps.google.com/?cid=7473546741165787599,"establishment,point_of_interest,school",045-547-6335,http://www.cibi.net/kodomoen/,,新菊名橋駅,おおくらやま,3
1410051015659,グローバルキッズ下田町園,ぐろーばるきっずしもだまちその,港北区,〒223-0064 神奈川県横浜市港北区下田町３丁目１６−２５ Ｌｕ－ｃｈｅ 1F,35.5590836,139.6300581,https://maps.google.com/?cid=8985316276667287350,"establishment,point_of_interest,school",045-561-2555,http://www.gkids.co.jp/facilities/nursery_038.html,,日吉本町駅,ひよし,21
1410052002714,キッズパートナー大倉山,きっずぱーとなーおおくらやま,港北区,〒222-0032 神奈川県横浜市港北区大豆戸町１１３−１,35.5180374,139.632356,https://maps.google.com/?cid=187239396714211216,"establishment,point_of_interest,school",045-531-0220,https://www.care-partner.com/place/okurayama/,,大豆戸交差点駅,おおくらやま,1
1410052006038,リトルスカラー綱島保育園,りとるすからーつなしまほいくえん,港北区,〒223-0053 神奈川県横浜市港北区綱島西１丁目２−７ 細野ビル,35.537656,139.635307,https://maps.google.com/?cid=16139488438435842941,"establishment,point_of_interest,school",045-642-3361,http://www.little-scholar.com/,,綱島駅,つなしま,2
1410051025856,大曽根コスモス保育園,おおそねこすもすほいくえん,港北区,〒222-0003 神奈川県横浜市港北区大曽根２丁目３２−８,35.5317312,139.6307444,https://maps.google.com/?cid=9555396974245904302,"establishment,point_of_interest,school",045-633-8605,https://cosmosfukushikai.com/,,大綱橋駅,つなしま,7
1410051019032,横浜市菊名保育園,よこはましきくなほいくえん,港北区,〒222-0011 神奈川県横浜市港北区菊名３丁目１０−２０,35.505776,139.638022,https://maps.google.com/?cid=11608031498556947128,"establishment,point_of_interest,school",045-433-1259,http://www.city.yokohama.lg.jp/kohoku/hoikuen/kikuna/,,菊名老人センター前駅,きくな,1
1410051023877,みのわのぞみ保育園,みのわのぞみほいくえん,港北区,〒223-0051 神奈川県横浜市港北区箕輪町３丁目７−２ 横浜市立箕輪保育園,35.548148,139.643378,https://maps.google.com/?cid=787871662530263547,"establishment,point_of_interest,school",045-562-1210,https://shkb.org/minowanozomi/,,箕輪町駅,ひよし,6
1410052004686,キッズパートナー綱島,きっずぱーとなーつなしま,港北区,〒223-0053 神奈川県横浜市港北区綱島西３丁目６−１９,35.538206,139.630185,https://maps.google.com/?cid=16447723174820603893,"establishment,point_of_interest,school",045-547-0076,https://www.care-partner.com/place/tsunashima/,,綱島駅,つなしま,8
1410051024248,下田みんなの保育園,しもだみんなのほいくえん,港北区,〒223-0064 神奈川県横浜市港北区下田町１丁目３−４１,35.5581632,139.6364174,https://maps.google.com/?cid=6402447506601554406,"establishment,point_of_interest,school",045-595-9522,https://shimodaminna.web.fc2.com/,,日吉本町駅,ひよし,23
1410052002771,スターチス日吉保育園,すたーちすひよしほいくえん,港北区,〒223-0062 神奈川県横浜市港北区日吉本町１丁目２３−１２ ライオンズマンション日吉台 1F,35.5527725,139.6459389,https://maps.google.com/?cid=5773355168198538002,"establishment,point_of_interest,school",045-562-8108,http://www.statice-ns.or.jp/hiyoshi-2,,日吉駅,ひよし,3
1410052004074,日吉チューリップルーム,ひよしちゅーりっぷるーむ,港北区,〒223-0051 神奈川県横浜市港北区箕輪町１丁目１６−１８ グリーン・ヴュー小嶋 １０１号室,35.5499024,139.6468471,https://maps.google.com/?cid=4092775845370431209,"establishment,point_of_interest,school",045-620-0477,http://tuliproom.info/hiyoshi/,,箕輪町駅,ひよし,3
1410051019016,横浜市大曽根保育園,よこはましおおそねほいくえん,港北区,〒222-0003 神奈川県横浜市港北区大曽根２丁目５−１ 横浜市立大曽根保育園,35.527395,139.630591,https://maps.google.com/?cid=6684032815184946896,"premise,street_address",045-531-0034,https://www.city.yokohama.lg.jp/kohoku/kurashi/kosodate_kyoiku/hoiku/hoikujo/osone.html,,大曽根町駅,おおくらやま,4
1410051027233,保育室プリンプリンROOM,ほいくしつぷりんぷりんROOM,港北区,〒223-0053 神奈川県横浜市港北区綱島西３丁目９−１２ プリンプリンルーム,35.5381209,139.6289118,https://maps.google.com/?cid=17353261237302720674,"establishment,point_of_interest,school",045-540-0122,https://purinpurin-room.com/,,綱島駅,つなしま,10
1410051018281,リトルスカラー妙蓮寺保育園,りとるすからーみょうれんじほいくえん,港北区,〒222-0011 神奈川県横浜市港北区菊名１丁目１７−８,35.5032705,139.6344101,https://maps.google.com/?cid=12583676764916157381,"establishment,point_of_interest,school",045-401-9002,http://ls-myorenji.com/,,富士塚駅,みょうれんじ,3
1410051027530,キッズフォレ綱島,きっずふぉれつなしま,港北区,〒223-0053 神奈川県横浜市港北区綱島西１丁目２１−５,35.53909489999999,139.6344917,https://maps.google.com/?cid=12665269022854697914,"establishment,point_of_interest,school",,,,綱島駅,つなしま,5
1410052004025,佐藤保育室,さとうほいくしつ,港北区,〒223-0061 神奈川県横浜市港北区日吉６丁目１−２０,35.5461134,139.6523815,https://maps.google.com/?cid=13785896471661336353,"doctor,establishment,health,point_of_interest",045-564-3717,http://sato-kodomo.com/,,日吉五丁目駅,ひよし,1
1410051027928,にじいろ保育園箕輪町,にじいろほいくえんみのわまち,港北区,〒223-0051 神奈川県横浜市港北区箕輪町２丁目５−８,35.5439716,139.6423771,https://maps.google.com/?cid=9454293232621175953,"establishment,point_of_interest,school",045-548-3961,https://www.like-kd.co.jp/establishment/nijiiro/HPminowacho?utm_source=google&utm_medium=maps&utm_campaign=minowacho,,日吉本町駅,しんつなしま,20
1410051028249,ミアヘルサ保育園ひびき綱島,みあへるさほいくえんひびきつなしま,港北区,〒223-0052 神奈川県横浜市港北区綱島東３丁目５−５,35.5400644,139.642183,https://maps.google.com/?cid=6003385974520715478,"establishment,point_of_interest,school",045-834-7092,https://dev-merhalsa.jp/hoikuen/nursery/tsunashima/,,綱島駅,しんつなしま,13
1410051028231,スターチャイルド≪日吉本町駅前ナーサリー≫,すたーちゃいるど≪ひよしほんちょうえきまえなーさりー≫,港北区,〒223-0062 神奈川県横浜市港北区日吉本町６丁目２−２ 14号,35.5524733,139.6329079,https://maps.google.com/?cid=6369396540485565289,"establishment,point_of_interest,school",045-534-7422,,,日吉本町駅,ひよし,7
1410052003423,Ｌｕｃｅ陽だまりの家保育園綱島,Ｌｕｃｅようだまりのいえほいくえんつなしま,港北区,〒223-0052 神奈川県横浜市港北区綱島東４丁目９−２８,35.5416772,139.6452699,https://maps.google.com/?cid=10951039812934456507,"establishment,point_of_interest,school",045-718-6466,http://www.luce.or.jp/,,綱島駅,しんつなしま,18
1410052003514,Ｌｕｃｅ陽だまりの家保育園,Ｌｕｃｅようだまりのいえほいくえん,港北区,〒222-0012 神奈川県横浜市港北区富士塚２丁目２８−１６ テルージュキクナⅠ 102,35.5047978,139.628973,https://maps.google.com/?cid=14239222921568764633,"establishment,point_of_interest,school",045-716-8580,http://www.luce.or.jp/,,富士塚駅,きくな,11
1410051027944,スターチャイルド《日吉本町ナーサリー》,すたーちゃいるど《ひよしほんちょうなーさりー》,港北区,〒223-0031 神奈川県横浜市港北区日吉本町４丁目１−５４,35.5524733,139.6329079,https://maps.google.com/?cid=12605518035642596095,"establishment,point_of_interest,school",045-534-7422,,,日吉本町駅,ひよし,7
1410051027548,こどものまち綱島西保育園,こどものまちつなしまにしぼいくその,港北区,〒223-0053 神奈川県横浜市港北区綱島西３丁目２１−２６,35.539372,139.628842,https://maps.google.com/?cid=1742186145106649400,"establishment,point_of_interest,school",045-834-7250,https://www.kodomonomachi-group.jp/tsunashimanishihoikuen,,綱島駅,つなしま,10
1410051027589,日吉箕輪えほんの森保育園,ひよしみのわえほんのもりやすいくその,港北区,〒223-0051 神奈川県横浜市港北区箕輪町２丁目１３−１５,35.5432017,139.6457352,https://maps.google.com/?cid=13106646131675833931,"establishment,point_of_interest,school",,https://www.miraikeikaku.jp/miraien/hiyoshi-minowa/,,日吉駅,ひよし,20
1410051027605,大倉山きずな保育園,おおくらやまきずなほいくえん,港北区,〒222-0037 神奈川県横浜市港北区大倉山３丁目４−３１ ２階・3階,35.5210832,139.6288519,https://maps.google.com/?cid=12931110844109300739,"establishment,point_of_interest,school",045-547-0302,https://ookurayama-kizuna.com/,,大倉山駅前駅,おおくらやま,2
1410051018273,ペガサス夜間保育園,ぺがさすやかんほいくえん,港北区,〒222-0033 神奈川県横浜市港北区新横浜３丁目２４−１４,35.51403639999999,139.620453,https://maps.google.com/?cid=14520953165118299276,"establishment,point_of_interest,school",045-476-0769,https://yamayuri-kai.jp/nursery_school_info/pegasus-night/,,太尾新道駅,しんよこはま,2
1410052005261,ルリ保育園日吉,るりほいくえんひよし,港北区,〒223-0051 神奈川県横浜市港北区箕輪町２丁目３−７ 日吉ロイヤルマンション,35.545727,139.643256,https://maps.google.com/?cid=2538037226375465019,"establishment,point_of_interest,school",045-534-8311,https://kosodate-web.com/ruly/,,プラウドシティ日吉駅,ひよし,4
1410051027225,つばき駅前保育園,つばきえきまえほいくえん,港北区,〒222-0037 神奈川県横浜市港北区大倉山１丁目４−５,35.5228677,139.630044,https://maps.google.com/?cid=2462922250537221583,"establishment,point_of_interest,school",045-543-6700,https://www.tsubaki-hoikuen.jp/,,大倉山駅,おおくらやま,1
1410052005725,保育室テックテックROOM,ほいくしつてっくてっくROOM,港北区,〒223-0054 神奈川県横浜市港北区綱島台１４−１３,35.5400467,139.6286304,https://maps.google.com/?cid=15110181192676114955,"establishment,point_of_interest,school",045-716-8809,https://tectec-room.com/,,綱島駅,つなしま,11
1410051019628,くっくおさんぽ保育園ふとお,くっくおさんぽほいくえんふとお,港北区,〒222-0037 神奈川県横浜市港北区大倉山７丁目４０−２,35.5187186,139.620245,https://maps.google.com/?cid=6640735856784631484,"establishment,point_of_interest,school",045-533-3375,https://cgi.city.yokohama.lg.jp/kodomo/hoiku-shisetu/hdata/n0677.html,,港北土木事務所前駅,おおくらやま,5
1410052004470,ジャンプ保育園,じゃんぷほいくえん,港北区,〒223-0062 神奈川県横浜市港北区日吉本町３丁目３３−１６,35.5499776,139.636318,https://maps.google.com/?cid=11822015072737435256,"establishment,point_of_interest,school",045-620-5252,,,日吉本町駅,ひよし,4
1410052004058,ローズ保育園,ろーずほいくえん,港北区,〒223-0066 神奈川県横浜市港北区高田西２丁目２１−１１,35.55205309999999,139.6159944,https://maps.google.com/?cid=3381843509597255552,"establishment,point_of_interest,school",,,,高田駅,つなしま,8
1410052004389,天才キッズクラブ楽遊館綱島園,てんさいきっずくらぶらくゆうかんつなしまその,港北区,〒223-0052 神奈川県横浜市港北区綱島東１丁目１２,35.5350153,139.6375212,https://maps.google.com/?cid=12036646804840441836,"establishment,point_of_interest,school",045-642-8815,http://tensaikids.jp/,,新綱島駅,しんつなしま,3
1410051021780,認定こども園高木学園附属幼稚園（保育所部分）,にんていこどもそのたかぎがくえんふぞくようちえん（ほいくしょぶぶん）,港北区,〒222-0011 神奈川県横浜市港北区菊名７丁目３−３０,35.515252,139.630236,https://maps.google.com/?cid=3162899301288832624,"establishment,point_of_interest,school",045-431-8180,https://takagi-kids.ed.jp/,,菊名地区センター前駅,きくな,5
1410051015626,おおつな森の保育園,おおつなもりのほいくえん,港北区,〒223-0057 神奈川県横浜市港北区新羽町１０２０−１,35.5196718,139.6075014,https://maps.google.com/?cid=1695800871240131102,"establishment,point_of_interest,school",045-545-0620,https://www.shoutokukai.jp/facilities/otsunam,,北新横浜駅,こづくえ,8
1410052006111,新横浜めぶき保育園,しんよこはまめぶきほいくえん,港北区,〒222-0026 神奈川県横浜市港北区篠原町２５８９ 1FKコート新横浜 102,35.5077744,139.6216169,https://maps.google.com/?cid=13724679674608120658,"establishment,point_of_interest,school",,,,ホテル前駅,しんよこはま,7
1410051026854,認定こども園新羽幼稚園（保育所部分）,にんていこどもそのしんはねようちえん（ほいくしょぶぶん）,港北区,〒223-0057 神奈川県横浜市港北区新羽町２８７６,35.5257677,139.6034941,https://maps.google.com/?cid=4051805106042979612,"establishment,point_of_interest,school",045-531-2348,https://nippa.byodo.ac.jp/,,大竹駅,こづくえ,3
1410051027316,認定こども園しのはら幼稚園（保育所部分）,にんていこどもそのしのはらようちえん（ほいくしょぶぶん）,港北区,〒222-0026 神奈川県横浜市港北区篠原町１１６３,35.4988133,139.6175872,https://maps.google.com/?cid=7485306688782583871,"establishment,point_of_interest,school",045-432-6506,http://www.shinohara.ed.jp/,,篠原池駅,しんよこはま,5
